job;salary;id;city;year;age
Косметолог;102400;2418000;Виго;2013;52
Инженер;77505;2783295;Афины;2000;48
Повар;149814;7249808;Осера;2012;46
Архитектор;22896;6331084;Пласенсия;2006;56
Медсестра;34043;6583666;Тудела;2002;24
Бухгалтер;76678;4146080;Луго;2007;58
Повар;32130;8252872;Бургос;2015;39
Программист;86374;6553544;Сан-Себастьян;2000;27
IT-специалист;141803;8091599;Сеговия;2001;42
IT-специалист;137744;5979542;Прага;2006;20
IT-специалист;36039;7357989;Эльче;2006;33
Продавец;94905;5987111;Артейхо;2006;30
Строитель;144992;3436628;Тбилиси;2004;21
Инженер;181886;6305132;Фигерас;2019;57
Менеджер;129235;5621423;Эльче;2004;54
Продавец;34035;5717980;Вильявисиоса;2009;59
Психолог;129131;7131774;Ереван;2006;44
Повар;40685;6978462;Скопье;2011;25
Оператор call-центра;50114;8544175;Алькала-де-Энарес;2013;42
Психолог;122767;2033439;Бильбао;1999;28
Врач;176791;1186066;Вильнюс;2014;54
Программист;132015;3589594;Варшава;1999;26
Оператор call-центра;43789;5312082;Хихон;2003;59
Программист;35741;6161376;Монсон;2010;36
IT-специалист;184635;2441566;Баку;2000;40
IT-специалист;82246;9931284;Таллин;2007;42
Водитель;47472;5709187;Бильбао;2021;30
Врач;54033;2730513;Душанбе;2016;43
Строитель;141993;3769979;Лас-Росас;2020;65
Бухгалтер;83721;2249648;Любляна;2018;61
Архитектор;194127;9353318;Камбадос;2000;20
Косметолог;185444;3340499;Малага;2005;61
Врач;77588;7768146;Луарка;2015;33
Продавец;97308;5053620;Луго;2019;48
Архитектор;58635;3515857;Навалькарнеро;2014;60
Архитектор;67475;7591142;Осера;2008;23
Медсестра;48000;5665724;Ереван;1999;60
Косметолог;76527;7075212;Тарраса;2013;24
Инженер;70226;7007348;Душанбе;2002;54
Архитектор;43923;5525007;Аликанте;2015;58
Косметолог;60291;6847910;Ташкент;2003;28
Архитектор;136984;3297445;Мурсия;2018;63
Врач;75313;7735463;Монсон;2005;52
Врач;157987;6572051;Хихон;2012;22
Косметолог;64563;7726601;Мерида;2006;62
Строитель;71097;2272188;Хихон;2021;52
Повар;198387;7146851;Трухильо;2021;34
Бухгалтер;36183;8506249;Подгорица;2020;48
Инженер;55016;5338154;Лас-Росас;2011;22
Психолог;86778;2948646;Баку;2000;47
Бухгалтер;144320;8251455;Луарка;2017;41
Менеджер;110863;6144658;Семана;2010;60
Повар;90625;3791957;Подгорица;2011;53
Медсестра;74285;5618604;Бишкек;2005;42
IT-специалист;184358;5207601;Осера;2009;36
Учитель;120577;7551147;Вильнюс;2016;59
Строитель;45897;3606534;Куэнка;2020;23
Медсестра;41213;5765208;Астана;2011;20
Архитектор;78601;5300999;Камбадос;2008;45
Продавец;45945;8552475;Тудела;2018;56
Косметолог;68716;2329904;Варшава;1999;42
Косметолог;104176;6535520;Белград;2013;49
Психолог;153155;2468182;Тудела;2021;61
Учитель;87838;5776742;Мартоса;2019;52
Продавец;66829;4790997;Мадрид;1999;54
Менеджер;117297;3411494;Камбадос;2016;60
Врач;39715;6367587;Краков;2000;52
Программист;101556;5288911;Луго;2022;26
Оператор call-центра;154373;3505169;Тарраса;1999;32
Медсестра;123702;8788050;Мартоса;2010;36
Повар;163880;9103400;Гранада;2009;50
Врач;81701;8606582;Махадаонда;2008;41
Оператор call-центра;105990;9417575;Краков;2001;37
Оператор call-центра;20215;7658187;Скопье;2001;20
Продавец;79205;2358606;Бильбао;2012;44
Оператор call-центра;111455;3035738;Любляна;2019;47
Медсестра;186556;9048360;Артейхо;2019;51
IT-специалист;24041;6633590;Афины;2001;23
Продавец;124314;3175702;Скопье;2022;53
Продавец;135375;7805629;Эльче;2017;58
Строитель;157127;3731595;Душанбе;2002;49
Инженер;172729;8076456;Луго;2017;58
Продавец;175599;3388955;Барселона;2002;42
IT-специалист;86657;6744815;Тбилиси;2020;58
Повар;64142;6653815;Хельсинки;2016;41
Учитель;142458;5658344;Сантьяго-де-Компостела;2004;39
Инженер;144044;9155575;Бургос;2008;31
Архитектор;77750;3236385;Монсон;2018;41
Продавец;187464;4146800;Картахена;2002;47
Бухгалтер;43994;1824927;Бургос;2019;63
Водитель;22568;9943633;Авилес;2012;50
Бухгалтер;60790;8218028;Аликанте;2006;42
Строитель;43571;7198799;Кадакес;2018;60
Программист;24659;7583529;Тирана;2001;35
Врач;186767;6183288;Астана;2018;40
Медсестра;189171;8033344;Краков;2000;56
Оператор call-центра;108683;3195727;Артейхо;2018;19
Инженер;120162;8533666;Варшава;2006;33
Бухгалтер;57179;6995565;Тарраса;2018;47
Программист;55688;1671119;Трухильо;2004;43
Водитель;88569;8078381;Тудела;2015;37
Строитель;194096;3972644;Скопье;2017;24
Водитель;156812;7937761;Тбилиси;2016;19
Бухгалтер;126243;4391600;Вильявисиоса;2011;39
IT-специалист;173554;5822857;Сараево;2000;55
Медсестра;39622;2332194;Малага;2021;58
Программист;71993;3650826;Лас-Росас;2013;27
Программист;27199;7000653;Подгорица;1999;26
Бухгалтер;121367;4305194;Загреб;2010;27
Бухгалтер;150477;1646725;Самора;2001;27
Медсестра;135564;2500629;Санкт-Петербург;1999;18
Менеджер;186787;1853027;Тбилиси;2013;39
IT-специалист;191173;7224863;Сан-Себастьян;2008;59
Учитель;164977;3297775;Луго;2021;37
Архитектор;191279;5247683;Таллин;2006;37
Строитель;48735;5257952;Вальядолид;2018;26
Строитель;48784;4765754;Валенсия;2004;49
Программист;48694;6957039;Семана;2009;49
Водитель;52280;1291477;Санхенхо;2012;43
Программист;85546;4238130;Луго;2012;62
Инженер;92602;4019315;Кишинев;2017;61
Медсестра;142795;9862285;Севилья;2013;35
Повар;53672;8426393;Санхенхо;2022;64
Косметолог;86543;3895939;Эль-Пуэрто-де-Санта-Мария;2003;53
Психолог;32979;3673106;Ла-Корунья;2002;59
Бухгалтер;181053;6786469;Душанбе;2019;24
Строитель;195086;5861686;Касерес;2004;19
Продавец;65054;3229927;Душанбе;2010;22
IT-специалист;77578;1297938;Бильбао;2021;25
Менеджер;176405;9485653;Барселона;2004;36
Программист;105576;8153936;Малага;2011;33
Повар;116332;1560466;Осера;2010;44
Косметолог;136054;8427561;Баку;2019;19
Медсестра;27262;3726346;Льейда;2003;46
Психолог;167519;6773169;Осера;2007;34
Архитектор;97374;7282107;Ла-Корунья;2000;62
Продавец;155635;6643627;Луарка;2020;55
Учитель;126610;9800250;Ереван;2009;30
Бухгалтер;64534;4462986;Загреб;2020;31
Оператор call-центра;38035;7356168;Рига;2013;45
Оператор call-центра;188821;2462278;Вальядолид;2017;39
Оператор call-центра;39351;2334691;Бильбао;2022;50
Повар;95493;5175441;Рига;2009;28
Врач;164707;9512539;Прага;2017;64
Строитель;117524;5162801;Овьедо;2017;45
Психолог;94290;6544329;Авилес;2004;38
Повар;87190;4953348;Осера;2001;41
IT-специалист;41274;2493218;Москва;2007;28
Архитектор;27517;1394819;Астана;2015;48
Строитель;187655;2964982;Авилес;2007;55
Инженер;198387;8149221;София;2010;55
Врач;63345;9997528;Ереван;2002;31
Инженер;132973;3966958;Скопье;2014;25
Повар;124843;1713916;Подгорица;2011;47
Учитель;31457;4509719;Душанбе;2008;44
Водитель;102859;6691593;Сан-Себастьян;2015;60
Инженер;159384;5754694;Осера;2022;33
Инженер;194151;2101351;Алма-Ата;2020;30
Инженер;102611;6673860;Ла-Корунья;2000;45
Менеджер;40851;8730619;Мурсия;1999;34
Продавец;165511;9229709;Осера;2016;19
Архитектор;115263;5646289;Сараево;2014;24
IT-специалист;138740;4794823;Эльче;2010;38
Инженер;111214;5794512;Тбилиси;2005;21
Косметолог;32773;9572702;Алькала-де-Энарес;2018;48
Программист;171403;5145453;Льейда;2002;43
Продавец;177739;5566029;Москва;2004;60
Оператор call-центра;110454;1529774;Тирана;2020;21
Менеджер;28553;2075997;Кишинев;2010;48
IT-специалист;48256;6869745;Семана;1999;30
Косметолог;124288;5307767;Сория;2018;53
Повар;63701;6528555;Эльче;2002;47
IT-специалист;120973;4199093;Санкт-Петербург;2018;21
Оператор call-центра;135336;2480766;Вальядолид;2009;54
Медсестра;44583;7119765;Льейда;2022;57
Продавец;78795;2263691;Подгорица;2010;39
Косметолог;149714;5045002;Виго;2004;31
Учитель;51937;1876739;Скопье;2010;18
Продавец;31963;6993238;Махадаонда;2015;36
Бухгалтер;166499;7356627;Монсон;2009;40
Медсестра;133389;6582699;Баку;2010;35
Программист;120034;9327277;Фигерас;2014;23
Бухгалтер;99465;1054006;Подгорица;2003;60
Учитель;92685;8174652;Куэнка;2002;29
Бухгалтер;193189;2297978;Подгорица;2010;22
Врач;111514;4002859;Вальядолид;1999;44
Продавец;131265;1712353;Осера;2012;20
Инженер;155166;6593456;Мартоса;2020;18
Строитель;56030;8119032;Трухильо;2010;19
Косметолог;52305;6239310;Таллин;2019;33
Инженер;171808;2594643;Осера;2007;57
Врач;154227;5127421;Сараево;2022;51
Врач;89419;7167183;Барселона;2001;22
Косметолог;179041;5423814;Тбилиси;2003;42
Повар;172242;7444885;Фигерас;2006;18
Оператор call-центра;38611;3563836;Баку;2004;43
Повар;51631;6977880;Севилья;2012;25
Учитель;191970;4350453;Хельсинки;2022;56
IT-специалист;45232;4729094;Астана;2018;22
Водитель;21731;2238209;Виго;2014;32
Программист;141813;5930913;Гранада;2003;43
Оператор call-центра;82851;8591898;Санхенхо;2020;53
Психолог;122505;7979572;Бланес;2005;44
Врач;31754;7800376;Бланес;2000;40
Строитель;147087;7055782;Фигерас;2017;47
Инженер;173657;3900554;Эль-Пуэрто-де-Санта-Мария;2014;35
Строитель;35507;2147483;Мерида;2019;61
Менеджер;173613;1469824;Краков;2022;40
Строитель;191190;5980048;Барселона;2009;27
Медсестра;137920;8774523;Хихон;2020;25
Врач;195280;3587026;Трухильо;2012;53
Повар;35200;3238882;Кишинев;2005;25
IT-специалист;60617;2434007;Барселона;2001;25
Врач;93371;1814898;Афины;2003;46
Повар;167892;8270432;Мадрид;2006;31
Врач;102706;9587054;Бильбао;2016;58
Оператор call-центра;183504;8519435;Астана;1999;19
Строитель;49089;1127051;Загреб;2002;35
Строитель;123934;3657209;Алма-Ата;2021;25
Медсестра;53065;3820075;Трухильо;2006;19
Оператор call-центра;39177;9411258;Любляна;2021;40
Водитель;63916;1314350;Фигерас;2020;45
Архитектор;188981;8056889;Ла-Корунья;2017;32
Врач;73538;2120227;Подгорица;2002;27
Продавец;135153;1177103;София;2009;22
Косметолог;135659;1296770;Авилес;2017;53
Бухгалтер;56096;4054670;Навалькарнеро;2004;26
Программист;85336;2423203;Ла-Корунья;2015;38
Инженер;106515;3635517;Эльче;2007;19
Архитектор;139020;5969208;Астана;2002;38
Менеджер;28196;5981126;Куэнка;2018;43
Менеджер;55372;1570445;Картахена;2014;52
Медсестра;114446;7549911;Малага;2016;34
Бухгалтер;182253;7052900;Сараево;2008;21
Строитель;199142;7644008;Гранада;2019;58
Врач;175206;4152632;Астана;2016;36
Строитель;52838;5362910;Бишкек;2014;18
Повар;143181;5731597;Малага;2009;43
Психолог;170567;9493178;Виго;2016;57
Менеджер;153236;4971903;Ереван;2002;30
Менеджер;24020;3310483;Кордова;2006;34
Косметолог;164642;2722675;Душанбе;2001;40
Повар;164968;8477260;Хихон;2007;33
Врач;158898;7769388;Хихон;2020;33
Архитектор;40548;6240478;Самора;2008;22
Инженер;96938;9652010;Севилья;2000;56
Косметолог;145129;5772239;Картахена;2006;46
Строитель;125732;9234891;Сьюдад-Реаль;1999;49
Водитель;161801;1262805;Осера;1999;28
Программист;114034;1436619;Вильявисиоса;2018;27
IT-специалист;170052;7902099;Сьюдад-Реаль;2000;21
Строитель;193104;9006200;Любляна;2014;41
Бухгалтер;73282;7092530;Ереван;2020;22
Инженер;134663;5523769;Осера;2018;45
Оператор call-центра;101350;7062122;Севилья;2004;35
IT-специалист;29310;1955987;Вроцлав;2017;39
Продавец;30263;1590807;Алма-Ата;2021;44
IT-специалист;194565;1340743;Виго;2007;23
Менеджер;93972;6052914;Душанбе;2015;56
Продавец;174043;4928096;Сеговия;2015;23
Менеджер;66590;4500778;Скопье;2012;32
Психолог;121342;7603907;Вроцлав;2004;32
Программист;79825;2037611;Вроцлав;2014;22
Повар;125730;2908889;Алькала-де-Энарес;2010;61
Водитель;87854;4015556;Ташкент;2012;50
Косметолог;101334;5709631;Тарраса;2005;28
Продавец;129020;6588665;Бильбао;2015;55
Бухгалтер;31015;8421257;Москва;2016;42
Косметолог;45997;8610796;Вильявисиоса;2010;60
Инженер;117573;6680520;Душанбе;2001;44
Врач;178394;8475678;Валенсия;2018;42
Врач;91460;2213155;Кордова;2019;41
IT-специалист;164051;4142721;Фигерас;2002;35
Медсестра;73817;3862596;Будапешт;2022;57
Врач;177426;8886748;Махадаонда;2008;25
Медсестра;46915;4477049;Сория;2013;32
Повар;179538;9790191;Камбадос;2003;56
IT-специалист;85637;1664514;София;2005;22
Строитель;66257;7005547;Сараево;2018;33
Оператор call-центра;70012;5822587;Вальядолид;2004;49
Косметолог;115269;4491268;Вильнюс;2016;61
Психолог;146045;4962666;Осера;2004;28
Повар;24278;4765607;Лас-Росас;2019;34
Бухгалтер;37212;5345633;Кадакес;2003;37
Психолог;99470;4344990;Варшава;2006;35
Менеджер;26667;6945685;Афины;2022;30
Учитель;178879;2808348;Куэнка;2002;40
Медсестра;161518;4813024;Пласенсия;2017;31
IT-специалист;48130;9722105;Мурсия;2003;51
Архитектор;26632;6469231;Подгорица;2016;32
Менеджер;55396;3709316;Малага;2004;27
Строитель;93059;3730352;Навалькарнеро;2003;41
Продавец;181269;6696520;Будапешт;2019;64
Повар;54954;2228754;Навалькарнеро;2002;33
Учитель;117183;4446247;Сан-Себастьян;2021;21
Повар;172351;5764837;Кишинев;2019;18
Психолог;98267;4171451;Эль-Пуэрто-де-Санта-Мария;2000;30
Учитель;142087;8540562;Луарка;2017;18
Архитектор;62135;2317782;Камбадос;2006;44
Менеджер;195183;6511782;Аликанте;2002;32
Врач;81972;2766784;Мадрид;2006;30
Архитектор;89541;2052237;Скопье;2005;50
Медсестра;119489;4470109;Москва;2014;51
Инженер;64420;2197951;Навалькарнеро;1999;62
Менеджер;108694;9171135;Севилья;2003;61
Строитель;189908;6001452;Артейхо;2013;46
Психолог;199618;1007048;Кадакес;2003;34
Продавец;62606;1758216;Мартоса;2002;25
Оператор call-центра;49304;4758580;Бланес;2010;65
Водитель;155438;2426123;Хихон;2019;26
Программист;55311;9018656;Ташкент;2005;18
Бухгалтер;84360;3281374;Бланес;2015;63
Учитель;32557;9894741;София;1999;54
Водитель;145962;6396561;Варшава;2020;53
Врач;194885;2998659;Навалькарнеро;2018;48
IT-специалист;90456;4792564;Трухильо;2021;65
Врач;175483;6672339;Прага;2019;61
Косметолог;31622;9936385;Самора;2013;18
Медсестра;166867;3835855;Краков;2016;46
Учитель;41825;5287897;Хельсинки;2000;29
Программист;114593;6878580;Севилья;2020;18
Продавец;119417;5528932;Тудела;2016;64
Медсестра;116184;3926174;Сьюдад-Реаль;2004;55
Учитель;178649;6185636;Навалькарнеро;2007;50
Менеджер;103962;9682410;Санхенхо;2005;56
IT-специалист;86758;8659039;Хихон;2000;65
Учитель;40985;1557400;Монсон;2016;30
Водитель;99215;5769602;Артейхо;2013;29
Строитель;35099;3019131;Тирана;2022;37
Косметолог;109042;5772942;Куэнка;2005;49
Архитектор;185673;4854657;Трухильо;1999;18
Менеджер;41540;1960340;Льейда;2003;59
Менеджер;165233;5840659;Камбадос;2001;53
Бухгалтер;127968;9700632;Касерес;2015;52
Бухгалтер;166176;3041982;Ла-Корунья;2021;41
IT-специалист;86401;9474986;Будапешт;2004;42
Менеджер;97457;1114273;Виго;2010;22
Архитектор;109769;6722820;Камбадос;2013;18
Программист;60069;7518847;Хихон;2017;23
Менеджер;107499;3247777;Душанбе;2004;31
Инженер;35986;8933983;Таллин;2005;55
Менеджер;103859;7552315;Кадакес;2008;43
Повар;154527;1510515;Севилья;2018;26
Продавец;70262;7907119;Афины;2008;63
Медсестра;153674;8091210;Бланес;2004;59
Оператор call-центра;176553;5517160;Сеговия;2012;19
Бухгалтер;107671;4663640;Авилес;2012;52
Водитель;76556;6010213;Сьюдад-Реаль;2020;64
Учитель;138017;9227243;Льейда;1999;53
Программист;45138;4040661;Белград;2001;52
Медсестра;108736;1234348;Мартоса;2008;32
IT-специалист;154875;7628297;Осера;2009;57
Косметолог;27125;4000041;Бильбао;2019;48
Психолог;171196;9389002;Осера;2006;42
IT-специалист;185697;3905299;Тарраса;2019;39
Психолог;38446;4403875;Трухильо;2020;28
Медсестра;87888;2173242;Виго;2014;38
Оператор call-центра;35747;6271498;Малага;2019;58
Строитель;174971;6590296;Санкт-Петербург;1999;23
Врач;116760;1752667;Севилья;2008;55
Бухгалтер;30682;7347695;Льейда;2001;21
Продавец;125259;1948274;Душанбе;2012;22
Врач;191192;7529953;Бургос;2008;34
Медсестра;32912;2251792;Душанбе;2015;49
Косметолог;179208;8517890;Аликанте;2015;39
Бухгалтер;36080;7074247;Навалькарнеро;2010;60
Психолог;93122;8967294;Льейда;2014;54
Менеджер;175517;6450017;Тарраса;2014;48
IT-специалист;93629;7645680;Эльче;2010;36
Врач;49640;3048737;Бильбао;2021;37
Бухгалтер;187018;6082786;Навалькарнеро;2021;53
Менеджер;187287;6786267;Хельсинки;2009;44
Программист;57444;4642616;Хельсинки;2020;61
Медсестра;24424;2585959;Мартоса;2000;29
Учитель;107827;8115073;Эльче;2004;41
Архитектор;65242;2997743;Овьедо;2011;62
Психолог;146011;8214723;Прага;2021;49
Продавец;136710;9326322;Любляна;2014;58
Повар;118946;1526931;Ташкент;2017;47
Психолог;198153;1594104;Варшава;2003;22
Строитель;117206;9443431;Ташкент;2015;18
Архитектор;84329;1170532;Вильнюс;2009;42
Врач;169503;2097980;Бишкек;2005;50
Повар;169050;4067418;Осера;2010;56
Программист;95145;2553374;Прага;2008;32
Строитель;116999;7408972;Севилья;2019;60
Продавец;136696;5055588;Артейхо;2007;25
Косметолог;184855;1369579;Краков;2004;26
Оператор call-центра;181924;7350467;Таллин;2002;51
Водитель;23585;7578150;Артейхо;2010;19
Строитель;104450;2016098;Куэнка;2015;24
Строитель;82748;2131701;Сория;2012;49
Инженер;43898;9804928;Овьедо;2013;57
Медсестра;68841;7843960;Монсон;2022;49
Продавец;143054;9341001;Фигерас;2006;29
Медсестра;193134;2482302;Мерида;2014;62
Оператор call-центра;121103;6442058;Вальядолид;2022;42
Строитель;125343;8102076;Санкт-Петербург;2004;36
Архитектор;134024;1219920;Эль-Пуэрто-де-Санта-Мария;2011;38
Косметолог;21218;8357189;Скопье;2013;63
Оператор call-центра;38631;9024910;Трухильо;2014;37
Бухгалтер;124199;4729684;Тирана;2009;60
Менеджер;50132;1801837;Навалькарнеро;2019;32
Бухгалтер;26964;7557629;Сория;2004;33
Учитель;194801;5984719;Виго;2009;41
Психолог;181764;5169050;Сараево;2001;50
Медсестра;184110;3450168;Мерида;2018;48
Программист;89484;6020445;Сория;2020;29
Водитель;49024;4854455;Алма-Ата;2008;35
Оператор call-центра;147818;8078026;София;2020;50
Строитель;177997;5396091;Афины;2016;36
Строитель;26619;6226679;Фигерас;2022;46
Врач;175041;1407040;Монсон;2020;62
IT-специалист;166938;9597672;Ла-Корунья;2019;65
Программист;187994;9802263;Куэнка;2018;34
Косметолог;38339;5458936;Краков;1999;57
Косметолог;54208;4397128;Севилья;1999;36
IT-специалист;164138;6917111;Самора;2018;53
Строитель;159631;2667027;Вроцлав;2021;46
Архитектор;159960;5238681;Вильявисиоса;2016;21
Оператор call-центра;134918;3207940;Сеговия;2000;44
Оператор call-центра;139424;3945879;Махадаонда;2021;62
Программист;67635;9930548;Вроцлав;2022;37
Косметолог;97755;2626640;Кишинев;2021;46
Врач;118919;6629706;Вильявисиоса;2015;29
Повар;135616;2932581;Картахена;2020;48
Продавец;163717;3667076;Семана;2008;31
Медсестра;131601;3675019;Навалькарнеро;2006;33
Учитель;81240;6728759;Хельсинки;2005;61
Оператор call-центра;170900;8666711;Малага;2016;64
Учитель;35312;6192660;Мурсия;2016;59
Врач;178108;3096693;Виго;2014;22
Архитектор;95884;1457533;Вильнюс;2017;54
Врач;90805;9356022;Гранада;2009;41
Медсестра;55370;8728286;Навалькарнеро;2005;39
Водитель;96239;4068953;Эльче;2011;34
Продавец;81946;3258759;Куэнка;2017;40
Строитель;135293;4754008;Вильнюс;2003;20
IT-специалист;161437;6145396;Аликанте;2003;23
Продавец;21265;2785641;Осера;2011;28
Программист;90412;1580660;Прага;1999;55
Бухгалтер;38215;3959241;Вильявисиоса;2017;46
Учитель;186786;3464908;Кордова;2022;59
Программист;77960;8239060;Таллин;2017;47
IT-специалист;192915;6625122;Загреб;2006;42
Врач;57867;1092848;Сантьяго-де-Компостела;2005;34
Инженер;27765;4566691;Навалькарнеро;2000;44
Бухгалтер;144850;2628373;Картахена;1999;59
Продавец;86251;9923567;Гранада;2017;53
Психолог;50648;8858376;Сантьяго-де-Компостела;2011;61
Менеджер;50488;5989904;Овьедо;2004;33
Водитель;74579;6015257;Бильбао;1999;36
Программист;45148;4151243;Луго;2013;42
Продавец;98281;7310724;Касерес;2021;40
Менеджер;85764;5219998;Валенсия;2019;18
Учитель;135410;3172021;Монсон;2017;33
Продавец;75590;5667860;Мурсия;2001;22
Психолог;50691;6000487;Москва;2018;57
IT-специалист;198319;5131510;Мурсия;2018;36
Медсестра;67217;5696653;Фигерас;2011;29
Медсестра;106647;8266959;Мерида;2018;58
IT-специалист;118303;2841844;Будапешт;2006;51
Повар;56879;5271700;Эль-Пуэрто-де-Санта-Мария;2019;29
Менеджер;112943;6832573;Астана;2008;26
Учитель;64293;3572834;Монсон;2000;43
Бухгалтер;35596;3653770;Баку;1999;63
Оператор call-центра;173214;6997577;Прага;2005;19
Инженер;58206;6237534;Валенсия;2018;54
Продавец;146268;9774001;Виго;2013;64
Водитель;97922;6105582;Санкт-Петербург;2007;18
Медсестра;45113;1671718;Мурсия;2013;34
Врач;88154;2044476;София;2002;46
Водитель;22555;6877086;Тарраса;2011;23
Менеджер;72771;1745468;Афины;2017;35
Оператор call-центра;101371;4005754;Картахена;2005;31
Психолог;157361;2595165;Луго;2016;52
Оператор call-центра;153197;6278199;Льейда;2016;57
Менеджер;104893;7502481;Вальядолид;2003;29
Психолог;27357;8124999;Душанбе;2022;43
Оператор call-центра;26044;7820968;Осера;2014;49
Водитель;102309;1798155;Тарраса;2007;51
Оператор call-центра;51237;2829209;Сеговия;2011;55
IT-специалист;184056;1689995;Луарка;2000;34
Продавец;184044;4493300;Мурсия;2015;55
Повар;115739;5574336;Сьюдад-Реаль;2011;41
Менеджер;180642;3633292;Малага;2006;45
Инженер;124996;8846039;Сьюдад-Реаль;2019;52
Повар;104399;5643759;Санхенхо;2021;36
Косметолог;155693;5978210;Малага;2008;33
Врач;171863;7542019;Самора;2005;53
IT-специалист;21232;9297730;Хельсинки;2010;27
Медсестра;137191;3861342;Монсон;2015;19
Медсестра;109668;6607073;Трухильо;2020;37
Продавец;149617;1974144;Тирана;2014;40
Косметолог;79084;4875514;Мурсия;2010;53
Медсестра;71786;7201557;Камбадос;2000;65
Менеджер;101434;3187372;Семана;2017;30
IT-специалист;98511;5672307;Трухильо;2022;26
Медсестра;128283;1150552;Сараево;2000;52
Бухгалтер;118725;3740896;Мартоса;2014;20
IT-специалист;86926;4746150;Прага;2003;18
Врач;151479;1541742;Таллин;2015;24
Косметолог;163326;2189844;Кадакес;2000;32
Водитель;180880;7063381;Мурсия;2001;22
Повар;114414;2983664;Кишинев;2008;64
Водитель;167714;2049425;Тирана;2021;19
Учитель;156575;6677208;Лас-Росас;2000;19
IT-специалист;82510;3530180;Артейхо;2009;51
Учитель;89528;8749241;Аликанте;2015;23
Косметолог;56455;5830093;Краков;2000;47
Повар;146429;7268577;Малага;1999;56
Врач;199703;2246902;Ташкент;2022;21
Менеджер;103198;5182951;Санхенхо;2012;62
Повар;88006;5693629;Ташкент;2009;51
IT-специалист;158941;3706750;Гранада;2022;64
IT-специалист;142801;1470191;Прага;2010;59
Инженер;132310;9704257;Тирана;2002;54
Водитель;159985;6267221;Пласенсия;2006;38
Повар;198094;3937900;Рига;2006;20
Программист;95826;7291509;Загреб;2010;21
Менеджер;92558;7939801;Севилья;2017;25
IT-специалист;113278;5932593;Самора;2005;24
Врач;184750;8001613;Тбилиси;1999;59
Продавец;133764;5592809;Осера;1999;65
Медсестра;106049;9164937;Минск;2006;59
Бухгалтер;105826;2112170;Артейхо;2012;60
Менеджер;79954;4622166;Астана;2020;19
Архитектор;145485;1607663;Валенсия;2005;31
Оператор call-центра;55016;5777865;Куэнка;2013;45
Медсестра;54583;1646074;Краков;2003;65
Косметолог;197144;8291425;Тудела;2010;49
Врач;121466;7771988;Тудела;2013;23
Архитектор;154690;4272401;Осера;2000;56
IT-специалист;178737;6603934;Малага;2011;22
Менеджер;189357;7319149;Эльче;2015;19
Программист;190420;1836496;Вальядолид;2017;51
Инженер;79619;7766819;Ереван;1999;52
Бухгалтер;26627;5093038;Эль-Пуэрто-де-Санта-Мария;2005;25
Программист;39506;1532182;Сан-Себастьян;2017;63
Оператор call-центра;37968;4179891;Бишкек;2009;58
Оператор call-центра;118246;8955899;Душанбе;2007;33
Учитель;89979;8909377;Вильнюс;2001;34
Архитектор;70512;6918270;Москва;2009;46
Продавец;146604;5252821;Кордова;2004;56
Менеджер;144881;2174119;Ла-Корунья;2003;63
Психолог;138276;4164050;Рига;2014;23
Оператор call-центра;120671;7351498;Сантьяго-де-Компостела;2006;63
Водитель;30800;2639248;Варшава;2016;62
Водитель;180705;1157265;Самора;1999;61
IT-специалист;136056;7153280;Льейда;2007;53
Менеджер;159338;4567260;Подгорица;2002;46
Косметолог;29221;7061747;Тарраса;2002;59
Оператор call-центра;140300;7531587;Тбилиси;2000;30
Учитель;29319;5811134;Тирана;2017;48
Врач;181833;2159000;Виго;2003;63
Инженер;37114;9771458;Бланес;2014;45
Медсестра;146313;1427330;Варшава;2012;31
Оператор call-центра;99684;7585862;Вальядолид;2021;52
Архитектор;196202;8090662;Вальядолид;2022;26
Водитель;66930;8787289;Севилья;1999;36
IT-специалист;197159;9385955;Камбадос;2003;56
Строитель;149517;9819420;Хихон;1999;57
Водитель;172398;9331397;Сараево;2001;21
Бухгалтер;66578;8833737;Варшава;2016;44
Повар;161020;9466875;Картахена;2013;56
Психолог;63796;6794848;Картахена;2004;55
Оператор call-центра;102632;7214617;Семана;2010;20
Учитель;75294;9652619;Минск;2004;24
Водитель;27321;2624051;София;2014;31
IT-специалист;156721;1294380;София;2021;30
Врач;35322;6538525;Вильявисиоса;2017;37
Косметолог;65178;7280593;Будапешт;2002;47
Продавец;59733;4062560;Хельсинки;2013;19
IT-специалист;152637;1473052;Санхенхо;2011;29
Менеджер;40799;3592574;Луарка;2010;51
Строитель;102174;1230053;Санхенхо;2003;50
Косметолог;149041;4656608;Бильбао;2011;26
Оператор call-центра;151315;8917246;Монсон;2021;18
Водитель;71029;5247853;Мурсия;2021;54
Продавец;108166;7430228;Луарка;2013;58
Психолог;58944;9268077;Ереван;2021;63
Менеджер;168812;9788905;Москва;2007;58
Врач;94010;6147872;Аликанте;2022;42
Менеджер;131675;9291016;Сараево;2020;42
Врач;24755;1024650;Любляна;2002;47
Медсестра;30811;1009593;Варшава;2000;41
Инженер;135512;5766661;Махадаонда;2009;48
Психолог;149876;6854254;Семана;2001;54
Инженер;63934;3660856;Загреб;2010;62
Программист;83374;6358143;Мартоса;2016;24
Повар;71878;2286764;Прага;2005;39
Врач;195871;5135117;Эль-Пуэрто-де-Санта-Мария;2001;64
Психолог;113423;5815448;Вильнюс;2009;37
Врач;148226;9725881;Виго;2002;23
Оператор call-центра;65856;8878490;Осера;2009;61
IT-специалист;46255;8570410;Таллин;2022;25
Повар;157099;2897430;Кордова;2013;41
Программист;145771;6495526;Минск;2000;36
Врач;168938;9931609;Льейда;2020;59
Продавец;41715;8851399;Сан-Себастьян;2019;47
Программист;116252;9582336;Льейда;2009;47
Учитель;146348;8004881;Тудела;2009;23
Медсестра;167939;8872770;Луарка;2018;42
Строитель;143115;1743491;Кадакес;2003;49
Инженер;81287;9538819;Камбадос;2001;55
IT-специалист;76316;7017561;Будапешт;2012;43
Медсестра;68324;4921902;Афины;2014;58
Программист;127184;5518732;Луго;2006;56
Водитель;82418;4849821;Белград;2018;55
Учитель;169103;3991774;Навалькарнеро;2020;54
Медсестра;103655;2006965;Прага;2016;26
IT-специалист;78545;9336199;Бильбао;2020;53
Врач;181208;4521131;Валенсия;1999;40
Учитель;84964;8648753;Хельсинки;2006;49
Продавец;61069;5232511;Вильявисиоса;2012;33
Инженер;83119;3012301;Артейхо;2019;24
Оператор call-центра;170892;9689376;Таллин;2006;53
IT-специалист;26221;1737187;Аликанте;2009;40
Врач;184971;2132538;Осера;2009;47
Учитель;63676;9996148;София;2010;61
Учитель;169181;5066226;Аликанте;2019;44
Строитель;159791;7200227;Аликанте;2007;44
Инженер;124550;5928397;Минск;2004;58
Программист;156966;5494736;Луго;2006;47
Менеджер;132740;4482183;Монсон;2015;19
Психолог;88538;9616470;Хельсинки;2005;43
Архитектор;107008;9545918;Махадаонда;2006;57
Медсестра;113507;7549138;Санхенхо;2014;49
Повар;64060;3134737;Душанбе;2021;19
Бухгалтер;68627;1498320;Трухильо;2014;55
Продавец;187730;5961876;Скопье;2002;32
Менеджер;128464;6740614;Афины;2002;35
Повар;161081;6212082;Фигерас;2016;19
Психолог;179460;7667559;Алькала-де-Энарес;2016;20
Оператор call-центра;41754;8662057;Барселона;2014;34
Программист;78964;2343939;Ла-Корунья;2008;43
Врач;63235;3298358;Ереван;2021;30
Водитель;42005;6285087;Афины;2013;36
Бухгалтер;146583;4276736;Мартоса;2016;43
Инженер;152416;1015091;Тарраса;2016;52
Врач;65623;5972674;София;2000;40
Оператор call-центра;156479;6516336;Москва;1999;27
Программист;33705;1026550;Фигерас;2019;63
Программист;21853;1848979;Любляна;2018;54
Строитель;109066;7037463;Монсон;2021;59
Врач;176143;5943152;Эль-Пуэрто-де-Санта-Мария;2012;41
Врач;102547;8774318;Камбадос;2001;46
Врач;169492;3517691;Москва;2015;26
Архитектор;44173;5867768;Аликанте;2002;49
Повар;135641;6810757;София;2013;37
Инженер;86184;1593384;Минск;2008;33
Оператор call-центра;48076;6380059;Монсон;2006;36
Архитектор;73966;6005480;Сьюдад-Реаль;1999;57
Врач;70202;3223310;Льейда;2006;29
Врач;68639;2925097;Виго;2002;33
Инженер;145776;9439284;Любляна;2011;45
Врач;126420;1088357;Загреб;2011;63
Врач;48167;6651654;Тарраса;2020;58
Учитель;147935;1043887;Вроцлав;2022;32
Оператор call-центра;118249;4148808;Бишкек;2000;20
Инженер;88032;4780672;Алма-Ата;2008;57
Учитель;166525;2639109;Сеговия;2012;32
Программист;106536;9031962;Камбадос;2002;44
Повар;85426;3288830;Осера;2002;56
Врач;152753;9411611;Кордова;2003;36
Повар;185873;9999925;Авилес;2005;20
Архитектор;120368;2795640;Мурсия;2015;40
Инженер;139939;4070209;Бишкек;2002;29
Психолог;189360;5914455;Кишинев;2009;28
Психолог;65910;1896690;Гранада;2013;19
Программист;94932;4131850;Навалькарнеро;2014;43
Медсестра;150968;2691557;Прага;2021;62
Менеджер;183329;7297157;Хихон;2010;29
Учитель;109532;5876780;Барселона;2019;33
Оператор call-центра;42743;7477048;Душанбе;2021;33
Архитектор;47737;2775449;Белград;2015;35
Врач;84529;2286861;Рига;2014;59
Повар;30218;8496203;Бургос;2008;46
Косметолог;22997;9133009;Мадрид;2007;24
Врач;64318;3886096;Семана;2010;25
Водитель;79318;7954630;Хихон;2004;44
Психолог;150995;8298629;Ла-Корунья;2020;45
Программист;28152;5849586;Навалькарнеро;1999;40
Косметолог;96507;5163685;Севилья;2006;38
Оператор call-центра;64449;1275333;Навалькарнеро;2012;45
Менеджер;146451;5273181;Подгорица;2000;63
Продавец;187332;3619906;Скопье;2022;45
Менеджер;67833;3134290;Таллин;2004;45
Архитектор;187189;1315713;Барселона;2000;45
Бухгалтер;105955;6033489;Санхенхо;2013;47
Бухгалтер;26325;7811619;Авилес;2011;19
Повар;46396;3022658;Эль-Пуэрто-де-Санта-Мария;2003;43
Строитель;101271;2127222;Душанбе;2003;52
Водитель;180486;2096424;Самора;2020;44
Продавец;71204;2917888;Кадакес;2006;26
Повар;131708;7569494;Санкт-Петербург;2015;45
Психолог;21867;4956804;Монсон;2022;18
Менеджер;128958;3355769;Картахена;2013;60
Архитектор;64327;1258779;Картахена;2006;45
Бухгалтер;192361;3692541;Вроцлав;2014;63
Программист;160065;2306062;Вальядолид;2001;23
Косметолог;76448;1897162;Осера;2007;39
Повар;47125;4367294;Льейда;2014;31
Программист;45131;1133859;Ла-Корунья;2009;46
Медсестра;134025;9183771;Ла-Корунья;2016;35
Строитель;139076;6400991;Таллин;2000;30
Психолог;114276;1392354;Гранада;2013;35
Программист;100232;3873491;Душанбе;2009;58
Водитель;58136;5700281;Бильбао;2003;36
Врач;141794;5445035;Рига;2021;44
Медсестра;46966;7515430;Санкт-Петербург;2021;47
Бухгалтер;197142;4969917;Ла-Корунья;2003;34
Продавец;191321;5948306;Алма-Ата;2004;53
Медсестра;37020;6070692;Артейхо;1999;38
Повар;149979;3504305;Осера;2007;36
IT-специалист;59281;1381842;Вильнюс;2007;65
IT-специалист;198316;8580330;Сантьяго-де-Компостела;2019;65
Продавец;161739;4167454;Вильнюс;2010;58
Косметолог;173138;7428421;Касерес;2015;19
Косметолог;48982;6165193;Самора;2014;20
Бухгалтер;148825;8186300;Минск;2019;57
Строитель;86697;2002533;Москва;2004;26
Бухгалтер;162807;2650697;Вроцлав;2021;54
Бухгалтер;104034;6120901;Астана;2011;41
Учитель;186244;6577339;Тирана;2012;51
Менеджер;119143;7254085;Душанбе;2014;50
Строитель;104286;5286267;Ташкент;2021;46
Менеджер;171154;6100777;Ла-Корунья;2001;27
Менеджер;152855;3206609;Мадрид;2011;58
Продавец;189935;6831439;Валенсия;2004;65
IT-специалист;55806;5300533;Кадакес;2001;33
Архитектор;45279;8764780;Овьедо;2002;22
IT-специалист;87007;6355166;Хихон;2014;35
Оператор call-центра;57142;8887194;Семана;2010;52
Повар;36537;4028823;Хихон;2004;64
Оператор call-центра;105329;3245595;Тудела;2004;39
IT-специалист;183714;6376203;Мурсия;2010;63
Инженер;75115;4353650;Тудела;2008;23
Косметолог;79262;3277958;Будапешт;2020;18
Инженер;84256;3577959;Пласенсия;2012;26
Инженер;187790;8132461;Мурсия;2002;65
Архитектор;164465;4464586;Мурсия;2018;47
Бухгалтер;81589;3953690;Прага;2007;33
Строитель;56457;7484606;Картахена;2022;47
Учитель;185048;5558667;София;2011;30
Программист;85987;9549767;Аликанте;2009;52
IT-специалист;159993;5394276;Краков;2014;61
Архитектор;48338;1148843;Вильнюс;2006;35
Бухгалтер;149652;5965388;Алма-Ата;2019;60
